meeting_date,decision,decision_num,target_rate_lag1,target_rate_lag2,target_rate_lag3,target_rate_lag4,CPI_YoY_normalized_lag1,CPI_YoY_normalized_lag2,CPI_YoY_normalized_lag3,CPI_YoY_normalized_lag4,UNRATE_normalized_lag1,UNRATE_normalized_lag2,UNRATE_normalized_lag3,UNRATE_normalized_lag4,oil_price_30d_avg_lag1,oil_price_30d_avg_lag2,oil_price_30d_avg_lag3,oil_price_30d_avg_lag4,CPI_change_m2m,UNRATE_change_2m,WTI_return_meeting,prev_decision,prev_decision_num,time_since_last_change,consecutive_same
2009-09-23,same,0,0.25,0.25,0.25,0.25,0.043419284662886234,0.06670124710833614,0.1263870128600535,0.1382579405609604,0.5438596491228069,0.5350877192982456,0.49122807017543857,0.4649122807017543,66.63227272727273,68.62380952380951,49.53190476190476,42.59714285714286,-0.023281962445449902,0.05263157894736836,-0.029021075649038757,same,0.0,4,4
2009-11-04,same,0,0.25,0.25,0.25,0.25,0.05310035262004507,0.043419284662886234,0.06670124710833614,0.1263870128600535,0.5614035087719298,0.5438596491228069,0.5350877192982456,0.49122807017543857,70.72904761904762,66.63227272727273,68.62380952380951,49.53190476190476,0.009681067957158833,0.02631578947368418,0.06148334226958949,same,0.0,5,5
2009-12-16,same,0,0.25,0.25,0.25,0.25,0.3541145491328095,0.05310035262004507,0.043419284662886234,0.06670124710833614,0.5701754385964912,0.5614035087719298,0.5438596491228069,0.5350877192982456,76.49681818181818,70.72904761904762,66.63227272727273,68.62380952380951,0.3010141965127644,0.026315789473684292,0.08154740768303338,same,0.0,6,6
2010-01-27,same,0,0.25,0.25,0.25,0.25,0.4363531582787633,0.3541145491328095,0.05310035262004507,0.043419284662886234,0.5701754385964912,0.5701754385964912,0.5614035087719298,0.5438596491228069,75.14714285714287,76.49681818181818,70.72904761904762,66.63227272727273,0.08223860914595382,0.00877192982456143,-0.01764354830842573,same,0.0,7,7
2010-03-16,same,0,0.25,0.25,0.25,0.25,0.4187073748119231,0.4363531582787633,0.3541145491328095,0.05310035262004507,0.5614035087719298,0.5701754385964912,0.5701754385964912,0.5614035087719298,79.218,75.14714285714287,76.49681818181818,70.72904761904762,-0.017645783466840204,-0.00877192982456143,0.054171814574828905,same,0.0,8,8
2010-04-28,same,0,0.25,0.25,0.25,0.25,0.38808603539220515,0.4187073748119231,0.4363531582787633,0.3541145491328095,0.5701754385964912,0.5614035087719298,0.5701754385964912,0.5701754385964912,79.931,79.218,75.14714285714287,76.49681818181818,-0.030621339419717952,0.0,0.009000479575342906,same,0.0,9,9
2010-06-23,same,0,0.25,0.25,0.25,0.25,0.38082695691220786,0.38808603539220515,0.4187073748119231,0.4363531582787633,0.5701754385964912,0.5701754385964912,0.5614035087719298,0.5701754385964912,83.96190476190476,79.931,79.218,75.14714285714287,-0.007259078479997294,0.00877192982456143,0.05042980459990442,same,0.0,10,10
2010-08-10,same,0,0.25,0.25,0.25,0.25,0.2816133855277372,0.38082695691220786,0.38808603539220515,0.4187073748119231,0.5263157894736842,0.5701754385964912,0.5701754385964912,0.5614035087719298,73.82809523809524,83.96190476190476,79.931,79.218,-0.09921357138447068,-0.04385964912280704,-0.12069532524126478,same,0.0,11,11
2010-09-21,same,0,0.25,0.25,0.25,0.25,0.28422964315980903,0.2816133855277372,0.38082695691220786,0.38808603539220515,0.5350877192982456,0.5263157894736842,0.5701754385964912,0.5701754385964912,78.59714285714286,73.82809523809524,83.96190476190476,79.931,0.00261625763207185,-0.03508771929824561,0.06459664900023233,same,0.0,12,12
2010-11-03,same,0,0.25,0.25,0.25,0.25,0.2813164107085029,0.28422964315980903,0.2816133855277372,0.38082695691220786,0.5350877192982456,0.5350877192982456,0.5263157894736842,0.5701754385964912,74.34100000000001,78.59714285714286,73.82809523809524,83.96190476190476,-0.002913232451306147,0.00877192982456143,-0.054151367954015706,same,0.0,13,13
2010-12-14,same,0,0.25,0.25,0.25,0.25,0.2782292746989646,0.2813164107085029,0.28422964315980903,0.2816133855277372,0.5614035087719298,0.5350877192982456,0.5350877192982456,0.5263157894736842,82.0468181818182,74.34100000000001,78.59714285714286,73.82809523809524,-0.003087136009538305,0.02631578947368418,0.10365502317917655,same,0.0,14,14
2011-01-26,same,0,0.25,0.25,0.25,0.25,0.31052442026108934,0.2782292746989646,0.2813164107085029,0.28422964315980903,0.5175438596491229,0.5614035087719298,0.5350877192982456,0.5350877192982456,85.25699999999999,82.0468181818182,74.34100000000001,78.59714285714286,0.03229514556212476,-0.01754385964912275,0.039126219031939996,same,0.0,15,15
2011-03-15,same,0,0.25,0.25,0.25,0.25,0.3345678956141308,0.31052442026108934,0.2782292746989646,0.2813164107085029,0.49999999999999994,0.5175438596491229,0.5614035087719298,0.5350877192982456,89.92857142857143,85.25699999999999,82.0468181818182,74.34100000000001,0.024043475353041466,-0.06140350877192985,0.054793991974587994,same,0.0,16,16
2011-04-27,same,0,0.25,0.25,0.25,0.25,0.41853642420410053,0.3345678956141308,0.31052442026108934,0.2782292746989646,0.49122807017543857,0.49999999999999994,0.5175438596491229,0.5614035087719298,96.34300000000002,89.92857142857143,85.25699999999999,82.0468181818182,0.08396852858996973,-0.026315789473684292,0.07132803733233335,same,0.0,17,17
2011-06-22,same,0,0.25,0.25,0.25,0.25,0.4604076823559166,0.41853642420410053,0.3345678956141308,0.31052442026108934,0.49999999999999994,0.49122807017543857,0.49999999999999994,0.5175438596491229,108.11619047619045,96.34300000000002,89.92857142857143,85.25699999999999,0.04187125815181608,0.0,0.12220078629469341,same,0.0,18,18
2011-08-09,same,0,0.25,0.25,0.25,0.25,0.4992702678798303,0.4604076823559166,0.41853642420410053,0.3345678956141308,0.49999999999999994,0.49999999999999994,0.49122807017543857,0.49999999999999994,98.47571428571428,108.11619047619045,96.34300000000002,89.92857142857143,0.038862585523913695,0.008771929824561375,-0.08916773758719777,same,0.0,19,19
2011-09-21,same,0,0.25,0.25,0.25,0.25,0.5223709315589624,0.4992702678798303,0.4604076823559166,0.41853642420410053,0.49122807017543857,0.49999999999999994,0.49999999999999994,0.49122807017543857,95.15761904761905,98.47571428571428,108.11619047619045,96.34300000000002,0.023100663679132105,-0.008771929824561375,-0.033694553306550856,same,0.0,20,20
2011-11-02,same,0,0.25,0.25,0.25,0.25,0.5276392638693526,0.5223709315589624,0.4992702678798303,0.4604076823559166,0.49122807017543857,0.49122807017543857,0.49999999999999994,0.49999999999999994,87.35952380952384,95.15761904761905,98.47571428571428,108.11619047619045,0.005268332310390145,-0.008771929824561375,-0.08194924625261613,same,0.0,21,21
2011-12-13,same,0,0.25,0.25,0.25,0.25,0.49461810404794543,0.5276392638693526,0.5223709315589624,0.4992702678798303,0.4561403508771929,0.49122807017543857,0.49122807017543857,0.49999999999999994,86.58909090909093,87.35952380952384,95.15761904761905,98.47571428571428,-0.03302115982140713,-0.03508771929824567,-0.00881910589729898,same,0.0,22,22
2012-01-25,same,0,0.25,0.25,0.25,0.25,0.45902100864544865,0.49461810404794543,0.5276392638693526,0.5223709315589624,0.4473684210526315,0.4561403508771929,0.49122807017543857,0.49122807017543857,99.09200000000001,86.58909090909093,87.35952380952384,95.15761904761905,-0.03559709540249678,-0.04385964912280704,0.14439358139978847,same,0.0,23,23
2012-03-13,same,0,0.25,0.25,0.25,0.25,0.45414809719747556,0.45902100864544865,0.49461810404794543,0.5276392638693526,0.4298245614035088,0.4473684210526315,0.4561403508771929,0.49122807017543857,100.4757894736842,99.09200000000001,86.58909090909093,87.35952380952384,-0.004872911447973083,-0.026315789473684126,0.013964694018886436,same,0.0,24,24
2012-04-25,same,0,0.25,0.25,0.25,0.25,0.4152117009411213,0.45414809719747556,0.45902100864544865,0.49461810404794543,0.4210526315789473,0.4298245614035088,0.4473684210526315,0.4561403508771929,105.64450000000002,100.4757894736842,99.09200000000001,86.58909090909093,-0.038936396256354255,-0.026315789473684237,0.05144234747443532,same,0.0,25,25
2012-06-20,same,0,0.25,0.25,0.25,0.25,0.38689679421661394,0.4152117009411213,0.45414809719747556,0.45902100864544865,0.4210526315789473,0.4210526315789473,0.4298245614035088,0.4473684210526315,103.52380952380952,105.64450000000002,100.4757894736842,99.09200000000001,-0.02831490672450737,-0.008771929824561486,-0.020073836840693707,same,0.0,26,26
2012-07-31,same,0,0.25,0.25,0.25,0.25,0.33027894704078414,0.38689679421661394,0.4152117009411213,0.45414809719747556,0.4210526315789473,0.4210526315789473,0.4210526315789473,0.4298245614035088,86.11476190476189,103.52380952380952,105.64450000000002,100.4757894736842,-0.056617847175829794,0.0,-0.16816467178865782,same,0.0,27,27
2012-09-13,same,0,0.25,0.25,0.25,0.25,0.30867021327991806,0.33027894704078414,0.38689679421661394,0.4152117009411213,0.4210526315789473,0.4210526315789473,0.4210526315789473,0.4210526315789473,87.886,86.11476190476189,103.52380952380952,105.64450000000002,-0.021608733760866083,0.0,0.02056834432903211,same,0.0,28,28
2012-10-24,same,0,0.25,0.25,0.25,0.25,0.35732622692062427,0.30867021327991806,0.33027894704078414,0.38689679421661394,0.3859649122807018,0.4210526315789473,0.4210526315789473,0.4210526315789473,95.82,87.886,86.11476190476189,103.52380952380952,0.04865601364070621,-0.0350877192982455,0.09027603838750153,same,0.0,29,29
2012-12-12,same,0,0.25,0.25,0.25,0.25,0.37615589066387795,0.35732622692062427,0.30867021327991806,0.33027894704078414,0.3859649122807018,0.3859649122807018,0.4210526315789473,0.4210526315789473,90.94636363636363,95.82,87.886,86.11476190476189,0.018829663743253677,-0.0350877192982455,-0.05086241194712955,same,0.0,30,30
2013-01-30,same,0,0.25,0.25,0.25,0.25,0.33993641203887465,0.37615589066387795,0.35732622692062427,0.30867021327991806,0.39473684210526316,0.3859649122807018,0.3859649122807018,0.4210526315789473,86.7052380952381,90.94636363636363,95.82,87.886,-0.0362194786250033,0.008771929824561375,-0.046633260802485914,same,0.0,31,31
2013-03-20,same,0,0.25,0.25,0.25,0.25,0.33303913873600277,0.33993641203887465,0.37615589066387795,0.35732622692062427,0.40350877192982454,0.39473684210526316,0.3859649122807018,0.3859649122807018,94.3045,86.7052380952381,90.94636363636363,95.82,-0.006897273302871876,0.01754385964912275,0.08764478345322109,same,0.0,32,32
2013-05-01,same,0,0.25,0.25,0.25,0.25,0.3179255278841108,0.33303913873600277,0.33993641203887465,0.37615589066387795,0.3596491228070175,0.40350877192982454,0.39473684210526316,0.3859649122807018,92.5304761904762,94.3045,86.7052380952381,90.94636363636363,-0.015113610851891945,-0.03508771929824567,-0.018811655760988664,same,0.0,33,33
2013-06-19,same,0,0.25,0.25,0.25,0.25,0.30619056899895514,0.3179255278841108,0.33303913873600277,0.33993641203887465,0.3596491228070175,0.3596491228070175,0.40350877192982454,0.39473684210526316,92.02136363636363,92.5304761904762,94.3045,86.7052380952381,-0.011734958885155689,-0.04385964912280704,-0.005502106652541538,same,0.0,34,34
2013-07-31,same,0,0.25,0.25,0.25,0.25,0.33594016367872576,0.30619056899895514,0.3179255278841108,0.33303913873600277,0.3596491228070175,0.3596491228070175,0.3596491228070175,0.40350877192982454,95.06761904761905,92.02136363636363,92.5304761904762,94.3045,0.02974959467977062,0.0,0.03310378435804724,same,0.0,35,35
2013-09-18,same,0,0.25,0.25,0.25,0.25,0.3514527239336887,0.33594016367872576,0.30619056899895514,0.3179255278841108,0.34210526315789475,0.3596491228070175,0.3596491228070175,0.3596491228070175,104.65047619047618,95.06761904761905,92.02136363636363,92.5304761904762,0.015512560254962948,-0.01754385964912275,0.10080043171436412,same,0.0,36,36
2013-10-30,same,0,0.25,0.25,0.25,0.25,0.27916081774400553,0.3514527239336887,0.33594016367872576,0.30619056899895514,0.33333333333333337,0.34210526315789475,0.3596491228070175,0.3596491228070175,107.51380952380954,104.65047619047618,95.06761904761905,92.02136363636363,-0.07229190618968317,-0.026315789473684126,0.027360919990090007,same,0.0,37,37
2013-12-18,same,0,0.25,0.25,0.25,0.25,0.25923646852259663,0.27916081774400553,0.3514527239336887,0.33594016367872576,0.33333333333333337,0.33333333333333337,0.34210526315789475,0.3596491228070175,100.98363636363638,107.51380952380954,104.65047619047618,95.06761904761905,-0.0199243492214089,-0.008771929824561375,-0.06073799382942547,same,0.0,38,38
2014-01-29,same,0,0.25,0.25,0.25,0.25,0.3173853186681634,0.25923646852259663,0.27916081774400553,0.3514527239336887,0.2894736842105263,0.33333333333333337,0.33333333333333337,0.34210526315789475,95.37238095238096,100.98363636363638,107.51380952380954,104.65047619047618,0.058148850145566755,-0.04385964912280704,-0.055565986309738476,same,0.0,39,39
2014-03-19,same,0,0.25,0.25,0.25,0.25,0.32149209571624365,0.3173853186681634,0.25923646852259663,0.27916081774400553,0.2807017543859649,0.2894736842105263,0.33333333333333337,0.33333333333333337,94.5445,95.37238095238096,100.98363636363638,107.51380952380954,0.004106777048080268,-0.052631578947368474,-0.008680510389205998,same,0.0,40,40
2014-04-30,same,0,0.25,0.25,0.25,0.25,0.3265145408699136,0.32149209571624365,0.3173853186681634,0.25923646852259663,0.2894736842105263,0.2807017543859649,0.2894736842105263,0.33333333333333337,101.77333333333333,94.5445,95.37238095238096,100.98363636363638,0.005022445153669952,0.0,0.07645958524159249,same,0.0,41,41
2014-06-18,same,0,0.25,0.25,0.25,0.25,0.36330608385448837,0.3265145408699136,0.32149209571624365,0.3173853186681634,0.2456140350877193,0.2894736842105263,0.2807017543859649,0.2894736842105263,102.14047619047618,101.77333333333333,94.5445,95.37238095238096,0.036791542984574765,-0.035087719298245584,0.0036074563101211434,same,0.0,42,42
2014-07-30,same,0,0.25,0.25,0.25,0.25,0.3673155829768938,0.36330608385448837,0.3265145408699136,0.32149209571624365,0.23684210526315785,0.2456140350877193,0.2894736842105263,0.2807017543859649,104.54238095238095,102.14047619047618,101.77333333333333,94.5445,0.004009499122405447,-0.052631578947368474,0.02351569943643002,same,0.0,43,43
2014-09-17,same,0,0.25,0.25,0.25,0.25,0.35956801685577583,0.3673155829768938,0.36330608385448837,0.3265145408699136,0.2456140350877193,0.23684210526315785,0.2456140350877193,0.2894736842105263,103.92857142857143,104.54238095238095,102.14047619047618,101.77333333333333,-0.007747566121117988,0.0,-0.005871394092485017,same,0.0,44,44
2014-10-29,same,0,0.25,0.25,0.25,0.25,0.33303815218867905,0.35956801685577583,0.3673155829768938,0.36330608385448837,0.21929824561403513,0.2456140350877193,0.23684210526315785,0.2456140350877193,94.39190476190477,103.92857142857143,104.54238095238095,102.14047619047618,-0.02652986466709678,-0.017543859649122723,-0.09176174023963499,same,0.0,45,45
2014-12-17,same,0,0.25,0.25,0.25,0.25,0.3262262636173224,0.33303815218867905,0.35956801685577583,0.3673155829768938,0.2017543859649123,0.21929824561403513,0.2456140350877193,0.23684210526315785,85.59045454545453,94.39190476190477,103.92857142857143,104.54238095238095,-0.006811888571356672,-0.043859649122807015,-0.09324369653740347,same,0.0,46,46
2015-01-28,same,0,0.25,0.25,0.25,0.25,0.23878709436646245,0.3262262636173224,0.33303815218867905,0.35956801685577583,0.19298245614035084,0.2017543859649123,0.21929824561403513,0.2456140350877193,67.61000000000001,85.59045454545453,94.39190476190477,103.92857142857143,-0.08743916925085993,-0.026315789473684292,-0.2100754626303588,same,0.0,47,47
2015-03-18,same,0,0.25,0.25,0.25,0.25,0.1580554695463961,0.23878709436646245,0.3262262636173224,0.33303815218867905,0.2017543859649123,0.19298245614035084,0.2017543859649123,0.21929824561403513,48.471999999999994,67.61000000000001,85.59045454545453,94.39190476190477,-0.08073162482006635,0.0,-0.28306463122223613,same,0.0,48,48
2015-04-29,same,0,0.25,0.25,0.25,0.25,0.17706236046883458,0.1580554695463961,0.23878709436646245,0.3262262636173224,0.17543859649122812,0.2017543859649123,0.19298245614035084,0.2017543859649123,49.05761904761904,48.471999999999994,67.61000000000001,85.59045454545453,0.019006890922438485,-0.017543859649122723,0.012081594230431045,same,0.0,49,49
2015-06-17,same,0,0.25,0.25,0.25,0.25,0.16956567098512976,0.17706236046883458,0.1580554695463961,0.23878709436646245,0.17543859649122812,0.17543859649122812,0.2017543859649123,0.19298245614035084,53.415238095238095,49.05761904761904,48.471999999999994,67.61000000000001,-0.007496689483704827,-0.02631578947368418,0.08882654811605656,same,0.0,50,50
2015-07-29,same,0,0.25,0.25,0.25,0.25,0.1954935950271267,0.16956567098512976,0.17706236046883458,0.1580554695463961,0.16666666666666666,0.17543859649122812,0.17543859649122812,0.2017543859649123,59.31999999999999,53.415238095238095,49.05761904761904,48.471999999999994,0.025927924041996953,-0.008771929824561459,0.11054451884477852,same,0.0,51,51
2015-09-17,same,0,0.25,0.25,0.25,0.25,0.19970951992130376,0.1954935950271267,0.16956567098512976,0.17706236046883458,0.15789473684210528,0.16666666666666666,0.17543859649122812,0.17543859649122812,52.058571428571426,59.31999999999999,53.415238095238095,49.05761904761904,0.004215924894177048,-0.017543859649122834,-0.12241113366516242,same,0.0,52,52
2015-10-28,same,0,0.25,0.25,0.25,0.25,0.17988498813347345,0.19970951992130376,0.1954935950271267,0.16956567098512976,0.14035087719298245,0.15789473684210528,0.16666666666666666,0.17543859649122812,43.73714285714286,52.058571428571426,59.31999999999999,53.415238095238095,-0.019824531787830307,-0.02631578947368421,-0.15984742153362433,same,0.0,53,53
2015-12-16,higher,1,0.25,0.25,0.25,0.25,0.1907436709929159,0.17988498813347345,0.19970951992130376,0.1954935950271267,0.14035087719298245,0.14035087719298245,0.15789473684210528,0.16666666666666666,46.04863636363636,43.73714285714286,52.058571428571426,59.31999999999999,0.010858682859442442,-0.017543859649122834,0.05284966741411963,same,0.0,54,54
2016-01-27,same,0,0.5,0.25,0.25,0.25,0.23747090496162848,0.1907436709929159,0.17988498813347345,0.19970951992130376,0.14035087719298245,0.14035087719298245,0.14035087719298245,0.15789473684210528,39.303333333333335,46.04863636363636,43.73714285714286,52.058571428571426,0.04672723396871259,0.0,-0.14648214185007896,higher,1.0,0,0
2016-03-16,same,0,0.5,0.5,0.25,0.25,0.29221318570303056,0.23747090496162848,0.1907436709929159,0.17988498813347345,0.12280701754385964,0.14035087719298245,0.14035087719298245,0.14035087719298245,32.537499999999994,39.303333333333335,46.04863636363636,43.73714285714286,0.05474228074140208,-0.017543859649122806,-0.17214400376192018,same,0.0,1,1
2016-04-27,same,0,0.5,0.5,0.5,0.25,0.2605910843255912,0.29221318570303056,0.23747090496162848,0.1907436709929159,0.14035087719298245,0.12280701754385964,0.14035087719298245,0.14035087719298245,33.85047619047619,32.537499999999994,39.303333333333335,46.04863636363636,-0.03162210137743937,0.0,0.04035270534378776,same,0.0,2,2
2016-06-15,same,0,0.5,0.5,0.5,0.5,0.28628193427732496,0.2605910843255912,0.29221318570303056,0.23747090496162848,0.14912280701754382,0.14035087719298245,0.12280701754385964,0.14035087719298245,39.42318181818182,33.85047619047619,32.537499999999994,39.303333333333335,0.025690849951733763,0.02631578947368418,0.1646270921484528,same,0.0,3,3
2016-07-27,same,0,0.5,0.5,0.5,0.5,0.27774854850547165,0.28628193427732496,0.2605910843255912,0.29221318570303056,0.1315789473684211,0.14912280701754382,0.14035087719298245,0.12280701754385964,48.94666666666667,39.42318181818182,33.85047619047619,32.537499999999994,-0.008533385771853308,-0.008771929824561348,0.24157067409820251,same,0.0,4,4
2016-09-21,same,0,0.5,0.5,0.5,0.5,0.258465239205818,0.27774854850547165,0.28628193427732496,0.2605910843255912,0.12280701754385964,0.1315789473684211,0.14912280701754382,0.14035087719298245,45.72904761904762,48.94666666666667,39.42318181818182,33.85047619047619,-0.01928330929965366,-0.02631578947368418,-0.06573724424983264,same,0.0,5,5
2016-11-02,same,0,0.5,0.5,0.5,0.5,0.3206588470725872,0.258465239205818,0.27774854850547165,0.28628193427732496,0.14035087719298245,0.12280701754385964,0.1315789473684211,0.14912280701754382,45.40428571428571,45.72904761904762,48.94666666666667,39.42318181818182,0.062193607866769196,0.008771929824561348,-0.0071018731980930176,same,0.0,6,6
2016-12-14,higher,1,0.5,0.5,0.5,0.5,0.3330639793693346,0.3206588470725872,0.258465239205818,0.27774854850547165,0.11403508771929827,0.14035087719298245,0.12280701754385964,0.1315789473684211,49.63363636363636,45.40428571428571,45.72904761904762,48.94666666666667,0.01240513229674739,-0.008771929824561375,0.09314870809367774,same,0.0,7,7
2017-02-01,same,0,0.75,0.5,0.5,0.5,0.36656748535990924,0.3330639793693346,0.3206588470725872,0.258465239205818,0.11403508771929827,0.11403508771929827,0.14035087719298245,0.12280701754385964,48.5,49.63363636363636,45.40428571428571,45.72904761904762,0.03350350599057467,-0.02631578947368418,-0.022840082328258123,higher,1.0,0,0
2017-03-15,higher,1,0.75,0.75,0.5,0.5,0.43600927458079425,0.36656748535990924,0.3330639793693346,0.3206588470725872,0.10526315789473682,0.11403508771929827,0.11403508771929827,0.14035087719298245,52.504,48.5,49.63363636363636,45.40428571428571,0.06944178922088501,-0.008771929824561445,0.0825566993287278,same,0.0,1,1
2017-05-03,same,0,1.0,0.75,0.75,0.5,0.40225892500858734,0.43600927458079425,0.36656748535990924,0.3330639793693346,0.08771929824561407,0.10526315789473682,0.11403508771929827,0.11403508771929827,52.27190476190475,52.504,48.5,49.63363636363636,-0.033750349572206906,-0.026315789473684195,-0.004420524791915338,higher,1.0,0,0
2017-06-14,higher,1,1.0,1.0,0.75,0.75,0.34878968558311657,0.40225892500858734,0.43600927458079425,0.36656748535990924,0.08771929824561407,0.08771929824561407,0.10526315789473682,0.11403508771929827,50.79190476190477,52.27190476190475,52.504,48.5,-0.05346923942547077,-0.01754385964912275,-0.028313488449058847,same,0.0,1,1
2017-07-26,same,0,1.25,1.0,1.0,0.75,0.32906259214837047,0.34878968558311657,0.40225892500858734,0.43600927458079425,0.07894736842105263,0.08771929824561407,0.08771929824561407,0.10526315789473682,48.40714285714286,50.79190476190477,52.27190476190475,52.504,-0.0197270934347461,-0.008771929824561445,-0.04695161303733836,higher,1.0,0,0
2017-09-20,same,0,1.25,1.25,1.0,1.0,0.3367916648238708,0.32906259214837047,0.34878968558311657,0.40225892500858734,0.07894736842105263,0.07894736842105263,0.08771929824561407,0.08771929824561407,45.5775,48.40714285714286,50.79190476190477,52.27190476190475,0.007729072675500326,-0.008771929824561445,-0.058455067406860066,same,0.0,1,1
2017-11-01,same,0,1.25,1.25,1.25,1.0,0.3784311597266191,0.3367916648238708,0.32906259214837047,0.34878968558311657,0.07894736842105263,0.07894736842105263,0.07894736842105263,0.08771929824561407,48.1347619047619,45.5775,48.40714285714286,50.79190476190477,0.04163949490274832,0.0,0.05610798856132769,same,0.0,2,2
2017-12-13,higher,1,1.25,1.25,1.25,1.25,0.37769324822803146,0.3784311597266191,0.3367916648238708,0.32906259214837047,0.07017543859649125,0.07894736842105263,0.07894736842105263,0.07894736842105263,51.577727272727266,48.1347619047619,45.5775,48.40714285714286,-0.0007379114985876511,-0.008771929824561375,0.07152762702451697,same,0.0,3,3
2018-01-31,same,0,1.5,1.25,1.25,1.25,0.37380198203741305,0.37769324822803146,0.3784311597266191,0.3367916648238708,0.0614035087719298,0.07017543859649125,0.07894736842105263,0.07894736842105263,57.02571428571427,51.577727272727266,48.1347619047619,45.5775,-0.0038912661906184143,-0.017543859649122827,0.10562673455061293,higher,1.0,0,0
2018-03-21,higher,1,1.5,1.5,1.25,1.25,0.37575735868275717,0.37380198203741305,0.37769324822803146,0.3784311597266191,0.052631578947368425,0.0614035087719298,0.07017543859649125,0.07894736842105263,63.642500000000005,57.02571428571427,51.577727272727266,48.1347619047619,0.00195537664534412,-0.017543859649122827,0.11603161277563719,same,0.0,1,1
2018-05-02,same,0,1.75,1.5,1.5,1.25,0.3921798208596239,0.37575735868275717,0.37380198203741305,0.37769324822803146,0.052631578947368425,0.052631578947368425,0.0614035087719298,0.07017543859649125,61.917142857142856,63.642500000000005,57.02571428571427,51.577727272727266,0.016422462176866715,-0.008771929824561375,-0.02711014048390633,higher,1.0,0,0
2018-06-13,higher,1,1.75,1.75,1.5,1.5,0.43340918717922217,0.3921798208596239,0.37575735868275717,0.37380198203741305,0.035087719298245605,0.052631578947368425,0.052631578947368425,0.0614035087719298,66.30045454545454,61.917142857142856,63.642500000000005,57.02571428571427,0.04122936631959828,-0.01754385964912282,0.070793182877185,same,0.0,1,1
2018-08-01,same,0,2.0,1.75,1.75,1.5,0.4357522846050069,0.43340918717922217,0.3921798208596239,0.37575735868275717,0.052631578947368425,0.035087719298245605,0.052631578947368425,0.052631578947368425,68.49666666666666,66.30045454545454,61.917142857142856,63.642500000000005,0.002343097425784757,0.0,0.03312514375872463,higher,1.0,0,0
2018-09-26,higher,1,2.0,2.0,1.75,1.75,0.42070154416607997,0.4357522846050069,0.43340918717922217,0.3921798208596239,0.035087719298245605,0.052631578947368425,0.035087719298245605,0.052631578947368425,70.98142857142858,68.49666666666666,66.30045454545454,61.917142857142856,-0.015050740438926957,0.0,0.03627566112929482,same,0.0,1,1
2018-11-08,same,0,2.25,2.0,2.0,1.75,0.39228087487493773,0.42070154416607997,0.4357522846050069,0.43340918717922217,0.026315789473684233,0.035087719298245605,0.052631578947368425,0.035087719298245605,69.76809523809523,70.98142857142858,68.49666666666666,66.30045454545454,-0.02842066929114223,-0.02631578947368419,-0.01709367281920373,higher,1.0,0,0
2018-12-19,higher,1,2.25,2.25,2.0,2.0,0.3753925528817991,0.39228087487493773,0.42070154416607997,0.4357522846050069,0.035087719298245605,0.026315789473684233,0.035087719298245605,0.052631578947368425,67.77636363636363,69.76809523809523,70.98142857142858,68.49666666666666,-0.01688832199313861,0.0,-0.02854788519575604,same,0.0,1,1
2019-01-30,same,0,2.5,2.25,2.25,2.0,0.3621409479068781,0.3753925528817991,0.39228087487493773,0.42070154416607997,0.043859649122807015,0.035087719298245605,0.026315789473684233,0.035087719298245605,51.83949999999999,67.77636363636363,69.76809523809523,70.98142857142858,-0.013251604974921005,0.017543859649122782,-0.2351389562108962,higher,1.0,0,0
2019-03-19,same,0,2.5,2.5,2.25,2.25,0.3150769691469652,0.3621409479068781,0.3753925528817991,0.39228087487493773,0.052631578947368425,0.043859649122807015,0.035087719298245605,0.026315789473684233,51.09842105263158,51.83949999999999,67.77636363636363,69.76809523809523,-0.04706397875991292,0.01754385964912282,-0.014295641992549424,same,0.0,1,1
2019-05-01,same,0,2.5,2.5,2.5,2.25,0.3512437800137838,0.3150769691469652,0.3621409479068781,0.3753925528817991,0.035087719298245605,0.052631578947368425,0.043859649122807015,0.035087719298245605,56.8735,51.09842105263158,51.83949999999999,67.77636363636363,0.03616681086681861,-0.00877192982456141,0.11301873356128428,same,0.0,2,2
2019-06-19,same,0,2.5,2.5,2.5,2.5,0.343264732505164,0.3512437800137838,0.3150769691469652,0.3621409479068781,0.017543859649122823,0.035087719298245605,0.052631578947368425,0.043859649122807015,63.862380952380946,56.8735,51.09842105263158,51.83949999999999,-0.00797904750861983,-0.0350877192982456,0.1228846620921217,same,0.0,3,3
2019-07-31,lower,-1,2.5,2.5,2.5,2.5,0.33186280631051535,0.343264732505164,0.3512437800137838,0.3150769691469652,0.017543859649122823,0.017543859649122823,0.035087719298245605,0.052631578947368425,55.45666666666666,63.862380952380946,56.8735,51.09842105263158,-0.011401926194648637,-0.017543859649122782,-0.13162231079921216,same,0.0,4,4
2019-09-18,lower,-1,2.25,2.5,2.5,2.5,0.3460459027443729,0.33186280631051535,0.343264732505164,0.3512437800137838,0.026315789473684233,0.017543859649122823,0.017543859649122823,0.035087719298245605,57.29949999999999,55.45666666666666,63.862380952380946,56.8735,0.014183096433857567,0.00877192982456141,0.03323014906719677,lower,-1.0,0,0
2019-10-04,same,0,2.0,2.25,2.5,2.5,0.3330789940179788,0.3460459027443729,0.33186280631051535,0.343264732505164,0.008771929824561412,0.026315789473684233,0.017543859649122823,0.017543859649122823,56.17047619047619,57.29949999999999,55.45666666666666,63.862380952380946,-0.01296690872639411,-0.008771929824561412,-0.019703902997755623,lower,-1.0,0,0
2019-10-30,lower,-1,2.0,2.0,2.25,2.5,0.33760225633815416,0.3330789940179788,0.3460459027443729,0.33186280631051535,0.017543859649122823,0.008771929824561412,0.026315789473684233,0.017543859649122823,56.532272727272726,56.17047619047619,57.29949999999999,55.45666666666666,0.0045232623201753586,-0.00877192982456141,0.006441044386531988,same,0.0,1,1
2019-12-11,same,0,1.75,2.0,2.0,2.25,0.33760225633815416,0.33760225633815416,0.3330789940179788,0.3460459027443729,0.017543859649122823,0.017543859649122823,0.008771929824561412,0.026315789473684233,53.92590909090909,56.532272727272726,56.17047619047619,57.29949999999999,0.0,0.008771929824561412,-0.04610399448883758,lower,-1.0,0,0
2020-01-29,same,0,1.75,1.75,2.0,2.0,0.3911355561699549,0.33760225633815416,0.33760225633815416,0.3330789940179788,0.017543859649122823,0.017543859649122823,0.017543859649122823,0.008771929824561412,57.5425,53.92590909090909,56.532272727272726,56.17047619047619,0.05353329983180072,0.0,0.06706592254064897,same,0.0,1,1
2020-03-03,lower,-1,1.75,1.75,1.75,2.0,0.4167560881172799,0.3911355561699549,0.33760225633815416,0.33760225633815416,0.017543859649122823,0.017543859649122823,0.017543859649122823,0.017543859649122823,58.681999999999995,57.5425,53.92590909090909,56.532272727272726,0.025620531947324998,0.0,0.019802754141673443,same,0.0,2,2
2020-03-15,lower,-1,1.25,1.75,1.75,1.75,0.31566670533739705,0.4167560881172799,0.3911355561699549,0.33760225633815416,0.08771929824561407,0.017543859649122823,0.017543859649122823,0.017543859649122823,50.354499999999994,58.681999999999995,57.5425,53.92590909090909,-0.10108938277988283,0.07017543859649125,-0.1419089304742693,lower,-1.0,0,0
2020-03-23,same,0,0.25,1.25,1.75,1.75,0.31566670533739705,0.31566670533739705,0.4167560881172799,0.3911355561699549,0.08771929824561407,0.08771929824561407,0.017543859649122823,0.017543859649122823,44.809,50.354499999999994,58.681999999999995,57.5425,0.0,0.07017543859649125,-0.11012918189776119,lower,-1.0,0,0
2020-04-29,same,0,0.25,0.25,1.25,1.75,0.31566670533739705,0.31566670533739705,0.31566670533739705,0.4167560881172799,0.08771929824561407,0.08771929824561407,0.08771929824561407,0.017543859649122823,37.629000000000005,44.809,50.354499999999994,58.681999999999995,0.0,0.0,-0.1602356633659383,same,0.0,1,1
2020-06-10,same,0,0.25,0.25,0.25,1.25,0.20769637380231074,0.31566670533739705,0.31566670533739705,0.31566670533739705,1.0,0.08771929824561407,0.08771929824561407,0.08771929824561407,16.56380952380952,37.629000000000005,44.809,50.354499999999994,-0.10797033153508631,0.9122807017543859,-0.5598126422806303,same,0.0,2,2
2020-07-29,same,0,0.25,0.25,0.25,0.25,0.24459566832458596,0.20769637380231074,0.31566670533739705,0.31566670533739705,0.6666666666666666,1.0,0.08771929824561407,0.08771929824561407,33.236666666666665,16.56380952380952,37.629000000000005,44.809,0.03689929452227522,0.5789473684210525,1.0065834258904902,same,0.0,3,3
2020-09-16,same,0,0.25,0.25,0.25,0.25,0.2702132722120767,0.24459566832458596,0.20769637380231074,0.31566670533739705,0.5964912280701753,0.6666666666666666,1.0,0.08771929824561407,40.642380952380954,33.236666666666665,16.56380952380952,37.629000000000005,0.025617603887490736,-0.4035087719298247,0.22281759290632927,same,0.0,4,4
2020-11-05,same,0,0.25,0.25,0.25,0.25,0.3062485372051497,0.2702132722120767,0.24459566832458596,0.20769637380231074,0.3859649122807018,0.5964912280701753,0.6666666666666666,1.0,41.07238095238095,40.642380952380954,33.236666666666665,16.56380952380952,0.036035264993073024,-0.28070175438596484,0.010580088551498125,same,0.0,5,5
2020-12-16,same,0,0.25,0.25,0.25,0.25,0.2865671261463334,0.3062485372051497,0.2702132722120767,0.24459566832458596,0.2894736842105263,0.3859649122807018,0.5964912280701753,0.6666666666666666,39.32681818181818,41.07238095238095,40.642380952380954,33.236666666666665,-0.019681411058816323,-0.30701754385964897,-0.042499672227107856,same,0.0,6,6
2021-01-27,same,0,0.25,0.25,0.25,0.25,0.29979370346224377,0.2865671261463334,0.3062485372051497,0.2702132722120767,0.2894736842105263,0.2894736842105263,0.3859649122807018,0.5964912280701753,44.621,39.32681818181818,41.07238095238095,40.642380952380954,0.01322657731591037,-0.09649122807017546,0.13462013781753948,same,0.0,7,7
2021-03-17,same,0,0.25,0.25,0.25,0.25,0.3046779588765028,0.29979370346224377,0.2865671261463334,0.3062485372051497,0.26315789473684215,0.2894736842105263,0.2894736842105263,0.3859649122807018,51.1435,44.621,39.32681818181818,41.07238095238095,0.00488425541425902,-0.02631578947368418,0.1461755642819398,same,0.0,8,8
2021-04-28,same,0,0.25,0.25,0.25,0.25,0.4229775221581616,0.3046779588765028,0.29979370346224377,0.2865671261463334,0.23684210526315785,0.26315789473684215,0.2894736842105263,0.2894736842105263,62.807142857142836,51.1435,44.621,39.32681818181818,0.1182995632816588,-0.052631578947368474,0.22805718476611198,same,0.0,9,9
2021-06-16,same,0,0.25,0.25,0.25,0.25,0.5569363789875567,0.4229775221581616,0.3046779588765028,0.29979370346224377,0.23684210526315785,0.23684210526315785,0.26315789473684215,0.2894736842105263,61.18904761904762,62.807142857142836,51.1435,44.621,0.13395885682939507,-0.026315789473684292,-0.025762917062040463,same,0.0,10,10
2021-07-28,same,0,0.25,0.25,0.25,0.25,0.6632211227151344,0.5569363789875567,0.4229775221581616,0.3046779588765028,0.21929824561403513,0.23684210526315785,0.23684210526315785,0.26315789473684215,67.67095238095237,61.18904761904762,62.807142857142836,51.1435,0.10628474372757779,-0.017543859649122723,0.10593243248902207,same,0.0,11,11
2021-09-22,same,0,0.25,0.25,0.25,0.25,0.6586076032693166,0.6632211227151344,0.5569363789875567,0.4229775221581616,0.17543859649122812,0.21929824561403513,0.23684210526315785,0.23684210526315785,72.47190476190478,67.67095238095237,61.18904761904762,62.807142857142836,-0.004613519445817893,-0.06140350877192974,0.07094554075402984,same,0.0,12,12
2021-11-03,same,0,0.25,0.25,0.25,0.25,0.6683027052807773,0.6586076032693166,0.6632211227151344,0.5569363789875567,0.11403508771929827,0.17543859649122812,0.21929824561403513,0.23684210526315785,69.47571428571429,72.47190476190478,67.67095238095237,61.18904761904762,0.009695102011460732,-0.10526315789473686,-0.041342785796664595,same,0.0,13,13
2021-12-15,same,0,0.25,0.25,0.25,0.25,0.8100779385064154,0.6683027052807773,0.6586076032693166,0.6632211227151344,0.0614035087719298,0.11403508771929827,0.17543859649122812,0.21929824561403513,81.95409090909092,69.47571428571429,72.47190476190478,67.67095238095237,0.14177523322563812,-0.11403508771929832,0.17960774598807847,same,0.0,14,14
2022-01-26,same,0,0.25,0.25,0.25,0.25,0.8349789113337032,0.8100779385064154,0.6683027052807773,0.6586076032693166,0.043859649122807015,0.0614035087719298,0.11403508771929827,0.17543859649122812,73.05600000000001,81.95409090909092,69.47571428571429,72.47190476190478,0.02490097282728776,-0.07017543859649125,-0.10857408949099553,same,0.0,15,15
2022-03-16,higher,1,0.25,0.25,0.25,0.25,0.8701280382264159,0.8349789113337032,0.8100779385064154,0.6683027052807773,0.052631578947368425,0.043859649122807015,0.0614035087719298,0.11403508771929827,80.56714285714284,73.05600000000001,81.95409090909092,69.47571428571429,0.03514912689271277,-0.008771929824561375,0.10281349587069279,same,0.0,16,16
2022-05-04,higher,1,0.5,0.25,0.25,0.25,0.9627764132532136,0.8701280382264159,0.8349789113337032,0.8100779385064154,0.026315789473684233,0.052631578947368425,0.043859649122807015,0.0614035087719298,101.60666666666665,80.56714285714284,73.05600000000001,81.95409090909092,0.09264837502679768,-0.017543859649122782,0.2611427289371201,higher,1.0,0,0
2022-06-15,higher,1,1.0,0.5,0.25,0.25,0.9596649312237326,0.9627764132532136,0.8701280382264159,0.8349789113337032,0.017543859649122823,0.026315789473684233,0.052631578947368425,0.043859649122807015,102.09238095238095,101.60666666666665,80.56714285714284,73.05600000000001,-0.003111482029480972,-0.0350877192982456,0.004780338700878775,higher,1.0,0,0
2022-07-27,higher,1,1.75,1.0,0.5,0.25,1.0,0.9596649312237326,0.9627764132532136,0.8701280382264159,0.017543859649122823,0.017543859649122823,0.026315789473684233,0.052631578947368425,115.96523809523809,102.09238095238095,101.60666666666665,80.56714285714284,0.04033506877626736,-0.00877192982456141,0.13588533128091648,higher,1.0,0,0
2022-09-21,higher,1,2.5,1.75,1.0,0.5,0.9527538301066132,1.0,0.9596649312237326,0.9627764132532136,0.008771929824561412,0.017543859649122823,0.017543859649122823,0.026315789473684233,103.64,115.96523809523809,102.09238095238095,101.60666666666665,-0.047246169893386813,-0.008771929824561412,-0.10628390189508267,higher,1.0,0,0
2022-11-02,higher,1,3.25,2.5,1.75,1.0,0.9280265662617115,0.9527538301066132,1.0,0.9596649312237326,0.008771929824561412,0.008771929824561412,0.017543859649122823,0.017543859649122823,89.26190476190476,103.64,115.96523809523809,102.09238095238095,-0.024727263844901648,-0.008771929824561412,-0.13873113758552783,higher,1.0,0,0
2022-12-14,higher,1,4.0,3.25,2.5,1.75,0.8302720861558031,0.9280265662617115,0.9527538301066132,1.0,0.017543859649122823,0.008771929824561412,0.008771929824561412,0.017543859649122823,87.59136363636362,89.26190476190476,103.64,115.96523809523809,-0.09775448010590848,0.008771929824561412,-0.01871505107673927,higher,1.0,0,0
2023-02-01,higher,1,4.5,4.0,3.25,2.5,0.764606696141018,0.8302720861558031,0.9280265662617115,0.9527538301066132,0.008771929824561412,0.017543859649122823,0.008771929824561412,0.008771929824561412,78.34428571428572,87.59136363636362,89.26190476190476,103.64,-0.06566539001478511,0.0,-0.10557065711291562,higher,1.0,0,0
2023-03-22,higher,1,4.75,4.5,4.0,3.25,0.7237605929566759,0.764606696141018,0.8302720861558031,0.9280265662617115,0.017543859649122823,0.008771929824561412,0.017543859649122823,0.008771929824561412,78.123,78.34428571428572,87.59136363636362,89.26190476190476,-0.04084610318434201,0.0,-0.002824529057143905,higher,1.0,0,0
2023-05-03,higher,1,5.0,4.75,4.5,4.0,0.6286710186142902,0.7237605929566759,0.764606696141018,0.8302720861558031,0.008771929824561412,0.017543859649122823,0.008771929824561412,0.017543859649122823,74.32761904761907,78.123,78.34428571428572,87.59136363636362,-0.09508957434238574,0.0,-0.048582119270878216,higher,1.0,0,0
2023-06-14,same,0,5.25,5.0,4.75,4.5,0.5568243045415453,0.6286710186142902,0.7237605929566759,0.764606696141018,0.017543859649122823,0.008771929824561412,0.017543859649122823,0.008771929824561412,78.89714285714285,74.32761904761907,78.123,78.34428571428572,-0.0718467140727449,0.0,0.06147813970898376,higher,1.0,0,0
2023-07-26,higher,1,5.25,5.25,5.0,4.75,0.459802699916964,0.5568243045415453,0.6286710186142902,0.7237605929566759,0.017543859649122823,0.017543859649122823,0.008771929824561412,0.017543859649122823,71.18380952380951,78.89714285714285,74.32761904761907,78.123,-0.09702160462458131,0.008771929824561412,-0.097764417775372,same,0.0,1,1
2023-09-20,same,0,5.5,5.25,5.25,5.0,0.47965365726684267,0.459802699916964,0.5568243045415453,0.6286710186142902,0.008771929824561412,0.017543859649122823,0.017543859649122823,0.008771929824561412,73.64666666666668,71.18380952380951,78.89714285714285,74.32761904761907,0.019850957349878684,-0.008771929824561412,0.034598557238424116,higher,1.0,0,0
2023-11-01,same,0,5.5,5.5,5.25,5.25,0.516173396742062,0.47965365726684267,0.459802699916964,0.5568243045415453,0.026315789473684233,0.008771929824561412,0.017543859649122823,0.017543859649122823,85.20857142857143,73.64666666666668,71.18380952380951,78.89714285714285,0.036519739475219304,0.00877192982456141,0.15699155342961713,same,0.0,1,1
2023-12-13,same,0,5.5,5.5,5.5,5.25,0.4655376150131032,0.516173396742062,0.47965365726684267,0.459802699916964,0.026315789473684233,0.026315789473684233,0.008771929824561412,0.017543859649122823,85.63952380952381,85.20857142857143,73.64666666666668,71.18380952380951,-0.05063578172895877,0.01754385964912282,0.005057617662983794,same,0.0,2,2
2024-01-31,same,0,5.5,5.5,5.5,5.5,0.4822282010511284,0.4655376150131032,0.516173396742062,0.47965365726684267,0.035087719298245605,0.026315789473684233,0.026315789473684233,0.008771929824561412,74.43714285714286,85.63952380952381,85.20857142857143,73.64666666666668,0.0166905860380252,0.008771929824561372,-0.1308085370311998,same,0.0,3,3
2024-03-20,same,0,5.5,5.5,5.5,5.5,0.46142326268955786,0.4822282010511284,0.4655376150131032,0.516173396742062,0.026315789473684233,0.035087719298245605,0.026315789473684233,0.026315789473684233,74.04599999999999,74.43714285714286,85.63952380952381,85.20857142857143,-0.020804938361570546,0.0,-0.005254673095646104,same,0.0,4,4
2024-05-01,same,0,5.5,5.5,5.5,5.5,0.4978547380108905,0.46142326268955786,0.4822282010511284,0.4655376150131032,0.043859649122807015,0.026315789473684233,0.035087719298245605,0.026315789473684233,80.02809523809526,74.04599999999999,74.43714285714286,85.63952380952381,0.03643147532133262,0.00877192982456141,0.0807889036181072,same,0.0,5,5
2024-06-12,same,0,5.5,5.5,5.5,5.5,0.47567942073881114,0.4978547380108905,0.46142326268955786,0.4822282010511284,0.043859649122807015,0.043859649122807015,0.026315789473684233,0.035087719298245605,85.34727272727272,80.02809523809526,74.04599999999999,74.43714285714286,-0.02217531727207933,0.017543859649122782,0.06646637542585211,same,0.0,6,6
2024-07-31,same,0,5.5,5.5,5.5,5.5,0.4506275304162518,0.47567942073881114,0.4978547380108905,0.46142326268955786,0.0614035087719298,0.043859649122807015,0.043859649122807015,0.026315789473684233,78.74190476190476,85.34727272727272,80.02809523809526,74.04599999999999,-0.025051890322559334,0.017543859649122785,-0.07739401244936563,same,0.0,7,7
2024-09-18,lower,-1,5.5,5.5,5.5,5.5,0.4479961687613368,0.4506275304162518,0.47567942073881114,0.4978547380108905,0.07017543859649125,0.0614035087719298,0.043859649122807015,0.043859649122807015,81.91666666666667,78.74190476190476,85.34727272727272,80.02809523809526,-0.00263136165491501,0.026315789473684237,0.040318580989918765,same,0.0,8,8
2024-11-07,lower,-1,5.0,5.5,5.5,5.5,0.4009137942015149,0.4479961687613368,0.4506275304162518,0.47567942073881114,0.0614035087719298,0.07017543859649125,0.0614035087719298,0.043859649122807015,72.50619047619047,81.91666666666667,78.74190476190476,85.34727272727272,-0.04708237455982189,0.0,-0.11487864995642993,lower,-1.0,0,0
2024-12-18,lower,-1,4.75,5.0,5.5,5.5,0.4276998756586961,0.4009137942015149,0.4479961687613368,0.4506275304162518,0.07017543859649125,0.0614035087719298,0.07017543859649125,0.0614035087719298,71.49428571428571,72.50619047619047,81.91666666666667,78.74190476190476,0.0267860814571812,0.0,-0.013956115213099392,lower,-1.0,0,0
2025-01-28,same,0,4.5,4.75,5.0,5.5,0.4415247813187085,0.4276998756586961,0.4009137942015149,0.4479961687613368,0.0614035087719298,0.07017543859649125,0.0614035087719298,0.07017543859649125,69.61666666666666,71.49428571428571,72.50619047619047,81.91666666666667,0.013824905660012377,0.0,-0.026262504794580612,lower,-1.0,0,0
2025-03-19,same,0,4.5,4.5,4.75,5.0,0.45252185551615703,0.4415247813187085,0.4276998756586961,0.4009137942015149,0.052631578947368425,0.0614035087719298,0.07017543859649125,0.0614035087719298,75.88833333333334,69.61666666666666,71.49428571428571,72.50619047619047,0.010997074197448553,-0.017543859649122827,0.0900885790267383,same,0.0,1,1
2025-05-07,same,0,4.5,4.5,4.5,4.75,0.3968453107542348,0.45252185551615703,0.4415247813187085,0.4276998756586961,0.07017543859649125,0.052631578947368425,0.0614035087719298,0.07017543859649125,68.84333333333333,75.88833333333334,69.61666666666666,71.49428571428571,-0.05567654476192224,0.008771929824561452,-0.09283376769155866,same,0.0,2,2
2025-06-18,same,0,4.5,4.5,4.5,4.5,0.3964141256393327,0.3968453107542348,0.45252185551615703,0.4415247813187085,0.07894736842105263,0.07017543859649125,0.052631578947368425,0.0614035087719298,61.89857142857144,68.84333333333333,75.88833333333334,69.61666666666666,-0.00043118511490208844,0.026315789473684202,-0.10087776793517837,same,0.0,3,3
2025-07-30,same,0,4.5,4.5,4.5,4.5,0.4241326641215249,0.3964141256393327,0.3968453107542348,0.45252185551615703,0.0614035087719298,0.07894736842105263,0.07017543859649125,0.052631578947368425,65.48428571428572,61.89857142857144,68.84333333333333,75.88833333333334,0.02771853848219219,-0.008771929824561452,0.05792886887419024,same,0.0,4,4
2025-09-17,lower,-1,4.5,4.5,4.5,4.5,0.4298159236106355,0.4241326641215249,0.3964141256393327,0.3968453107542348,0.07894736842105263,0.0614035087719298,0.07894736842105263,0.07017543859649125,68.06904761904764,65.48428571428572,61.89857142857144,68.84333333333333,0.005683259489110581,0.0,0.039471482922910736,same,0.0,5,5
2025-10-29,lower,-1,4.25,4.5,4.5,4.5,0.4554102193966014,0.4298159236106355,0.4241326641215249,0.3964141256393327,0.08771929824561407,0.07894736842105263,0.0614035087719298,0.07894736842105263,63.976666666666674,68.06904761904764,65.48428571428572,61.89857142857144,0.025594295785965948,0.02631578947368427,-0.06012102468603918,lower,-1.0,0,0
2025-12-10,lower,-1,4.0,4.25,4.5,4.5,0.4554102193966014,0.4554102193966014,0.4298159236106355,0.4241326641215249,0.08771929824561407,0.08771929824561407,0.07894736842105263,0.0614035087719298,61.08333333333334,63.976666666666674,68.06904761904764,65.48428571428572,0.0,0.008771929824561445,-0.045224820842627675,lower,-1.0,0,0
2026-01-28,same,0,3.75,4.0,4.25,4.5,0.45355345263659275,0.4554102193966014,0.4554102193966014,0.4298159236106355,0.08771929824561407,0.08771929824561407,0.08771929824561407,0.07894736842105263,59.58149999999999,61.08333333333334,63.976666666666674,68.06904761904764,-0.0018567667600086768,0.0,-0.024586629883984527,lower,-1.0,0,0
